title,views,likes
Artificial Intelligence (Official Video),1876131,80969
What Is Artificial Intelligence? | Artificial Intelligence (AI) In 10 Minutes | Edureka,1350668,28182
Is artificial intelligence out of control? | Start Here,301165,6186
What is AI? Artificial Intelligence Explained,652641,26841
എന്താണ് ശെരിക്കും Artificial Intelligence - Ep 1 | Malayalam Ai Video സീരീസ് | Umer Abdussalam,27743,806
Artificial Intelligence in 2 Minutes | What is Artificial Intelligence? | Edureka,284272,3361
How does artificial intelligence learn? - Briana Brownell,552676,19096
The Truth about Artificial Intelligence and ChatGPT | Dhruv Rathee,7602218,357250
What is Artificial Intelligence? | Artificial Intelligence In 5 Minutes | AI Explained | Simplilearn,69881,976
Artificial intelligence and algorithms: pros and cons | DW Documentary (AI documentary),10353930,80247
